Political Affiliation,Unnamed: 0,Word Count,negative,neutral,positive,polarity
Democrats,2797.511486635741,28.9706207201237,0.08268124585818397,0.8001275679257769,0.117190744422355,0.10053577424342773
Republican,4179.693694629014,30.252751817237797,0.07626813399778509,0.7867933970099713,0.13693542358803948,0.14288147148394292
